﻿[
  {
      "name": "iron ore",
      "maxStacks": 100,
      "imagePath": "assets/item/iron ore.png"
  },
  {
      "name": "iron ingot",
      "maxStacks": 100,
      "imagePath": "assets/item/iron ingot.png"
  },
  {
      "name": "stick",
      "maxStacks": 100,
      "imagePath": "assets/item/stick.png"
  },
  {
      "name": "gear",
      "maxStacks": 100,
      "imagePath": "assets/item/gear.png"
  },
  {
      "name": "iron screw",
      "maxStacks": 100,
      "imagePath": "assets/item/iron screw.png"
  },
  {
      "name": "plate",
      "maxStacks": 100,
      "imagePath": "assets/item/plate.png"
  },
  {
      "name": "beltconbeyor",
      "maxStacks": 100,
      "imagePath": "assets/item/beltconbeyor.png"
  },
  {
      "name": "pole",
      "maxStacks": 100,
      "imagePath": "assets/item/pole.png"
  },
  {
      "name": "copper ore",
      "maxStacks": 100,
      "imagePath": "assets/item/copper ore.png"
  },
  {
      "name": "copper ingot",
      "maxStacks": 100,
      "imagePath": "assets/item/copper ingot.png"
  },
  {
      "name": "copper wiere",
      "maxStacks": 100,
      "imagePath": "assets/item/copper wiere.png"
  },
  {
      "name": "basic circuit",
      "maxStacks": 100,
      "imagePath": "assets/item/basic circuit.png"
  },
  {
      "name": "machine case",
      "maxStacks": 100,
      "imagePath": "assets/item/machine case.png"
  },
  {
      "name": "crasher",
      "maxStacks": 100,
      "imagePath": "assets/item/crasher.png"
  },
  {
      "name": "compressor",
      "maxStacks": 100,
      "imagePath": "assets/item/compressor.png"
  },
  {
      "name": "generator",
      "maxStacks": 100,
      "imagePath": "assets/item/generator.png"
  },
  {
      "name": "miner",
      "maxStacks": 100,
      "imagePath": "assets/item/miner.png"
  },
  {
      "name": "coal",
      "maxStacks": 100,
      "imagePath": "assets/item/coal.png"
  },
  {
      "name": "coal powder",
      "maxStacks": 100,
      "imagePath": "assets/item/coal powder.png"
  },
  {
      "name": "steel ingot",
      "maxStacks": 100,
      "imagePath": "assets/item/steel ingot.png"
  },
  {
      "name": "steel screw",
      "maxStacks": 100,
      "imagePath": "assets/item/steel screw.png"
  },
  {
      "name": "steel gear",
      "maxStacks": 100,
      "imagePath": "assets/item/steel gear.png"
  },
  {
      "name": "goald ore",
      "maxStacks": 100,
      "imagePath": "assets/item/goald ore.png"
  },
  {
      "name": "gold powder",
      "maxStacks": 100,
      "imagePath": "assets/item/gold powder.png"
  },
  {
      "name": "goald ingot",
      "maxStacks": 100,
      "imagePath": "assets/item/goald ingot.png"
  },
  {
      "name": "gold wiere",
      "maxStacks": 100,
      "imagePath": "assets/item/gold wiere.png"
  },
  {
      "name": "advansed circuit",
      "maxStacks": 100,
      "imagePath": "assets/item/advansed circuit.png"
  },
  {
      "name": "adovanced machine case",
      "maxStacks": 100,
      "imagePath": "assets/item/adovanced machine case.png"
  },
  {
      "name": "generator mk2",
      "maxStacks": 100,
      "imagePath": "assets/item/generator mk2.png"
  },
  {
      "name": "miner mk2",
      "maxStacks": 100,
      "imagePath": "assets/item/miner mk2.png"
  },
  {
      "name": "silicon processor",
      "maxStacks": 100,
      "imagePath": "assets/item/silicon processor.png"
  },
  {
      "name": "precision circuit",
      "maxStacks": 100,
      "imagePath": "assets/item/precision circuit.png"
  },
  {
      "name": "precision gear",
      "maxStacks": 100,
      "imagePath": "assets/item/precision gear.png"
  },
  {
      "name": "sand",
      "maxStacks": 100,
      "imagePath": "assets/item/sand.png"
  },
  {
      "name": "silicon",
      "maxStacks": 100,
      "imagePath": "assets/item/silicon.png"
  },
  {
      "name": "silicon wafer",
      "maxStacks": 100,
      "imagePath": "assets/item/silicon wafer.png"
  },
  {
      "name": "precision mortor",
      "maxStacks": 100,
      "imagePath": "assets/item/precision mortor.png"
  },
  {
      "name": "IC chip assembler",
      "maxStacks": 100,
      "imagePath": "assets/item/IC chip assembler.png"
  },
  {
      "name": "ic chip",
      "maxStacks": 100,
      "imagePath": "assets/item/ic chip.png"
  },
  {
      "name": "generator mk3",
      "maxStacks": 100,
      "imagePath": "assets/item/generator mk3.png"
  },
  {
      "name": "graphic board",
      "maxStacks": 100,
      "imagePath": "assets/item/graphic board.png"
  },
  {
      "name": "btc miner",
      "maxStacks": 100,
      "imagePath": "assets/item/btc miner.png"
  },
  {
      "name": "btc",
      "maxStacks": 100,
      "imagePath": "assets/item/btc.png"
  },
  {
      "name": "10btc",
      "maxStacks": 100,
      "imagePath": "assets/item/10btc.png"
  },
  {
      "name": "100btc",
      "maxStacks": 100,
      "imagePath": "assets/item/100btc.png"
  },
  {
      "name": "1000btc",
      "maxStacks": 100,
      "imagePath": "assets/item/1000btc.png"
  },
  {
      "name": "10000btc",
      "maxStacks": 100,
      "imagePath": "assets/item/10000btc.png"
  },
  {
      "name": "smelting",
      "maxStacks": 100,
      "imagePath": "assets/item/smelting.png"
  },
  {
      "name": "precision assembler",
      "maxStacks": 100,
      "imagePath": "assets/item/precision assembler.png"
  },
  {
      "name": "ironchest",
      "maxStacks": 100,
      "imagePath": "assets/item/ironchest.png"
  },
  {
      "name": "steel chest",
      "maxStacks": 100,
      "imagePath": "assets/item/steel chest.png"
  }
]