[
  {
    "oreId": 1,
    "name": "iron_ore",
    "miningItemId": 1,
    "veinSize" : 1,
    "veinFrequency" : 1,
    "priority" : 100
  },
  {
    "oreId": 2,
    "name": "copper_ore",
    "miningItemId": 9,
    "veinSize" : 1,
    "veinFrequency" : 1,
    "priority" : 90
  },
  {
    "oreId": 3,
    "name": "coal_ore",
    "miningItemId": 18,
    "veinSize" : 1,
    "veinFrequency" : 1,
    "priority" : 80
  },
  {
    "oreId": 4,
    "name": "gold_ore",
    "miningItemId": 23,
    "veinSize" : 0.2,
    "veinFrequency" : 1,
    "priority" : 70
  },
  {
    "oreId": 5,
    "name": "sand_stone",
    "miningItemId": 34,
    "veinSize" : 1,
    "veinFrequency" : 1,
    "priority" : 60
  }
]