[
  {
    "name": "iron_ore",
    "miningItemId": 1,
    "veinSize" : 1,
    "veinFrequency" : 1,
    "priority" : 100,
    "itemName" : "iron ore",
    "itemModId": "sakastudio:moorestechBaseMod"
  },
  {
    "name": "copper_ore",
    "miningItemId": 9,
    "veinSize" : 1,
    "veinFrequency" : 1,
    "priority" : 90,
    "itemName" : "copper ore",
    "itemModId": "sakastudio:moorestechBaseMod"
  },
  {
    "name": "coal_ore",
    "miningItemId": 18,
    "veinSize" : 1,
    "veinFrequency" : 1,
    "priority" : 80,
    "itemName" : "coal",
    "itemModId": "sakastudio:moorestechBaseMod"
  },
  {
    "name": "gold_ore",
    "miningItemId": 23,
    "veinSize" : 0.2,
    "veinFrequency" : 1,
    "priority" : 70,
    "itemName" : "goald ore",
    "itemModId": "sakastudio:moorestechBaseMod"
  },
  {
    "name": "sand_stone",
    "miningItemId": 34,
    "veinSize" : 1,
    "veinFrequency" : 1,
    "priority" : 60,
    "itemName" : "sand",
    "itemModId": "sakastudio:moorestechBaseMod"
  }
]