[
  {
    "oreId": 1,
    "name": "鉄鉱石",
    "miningItemId": 1,
    "veinSize" : 1,
    "veinFrequency" : 1,
    "priority" : 100
  },
  {
    "oreId": 2,
    "name": "銅鉱石",
    "miningItemId": 9,
    "veinSize" : 1,
    "veinFrequency" : 1,
    "priority" : 90
  },
  {
    "oreId": 3,
    "name": "石炭",
    "miningItemId": 18,
    "veinSize" : 1,
    "veinFrequency" : 1,
    "priority" : 80
  },
  {
    "oreId": 4,
    "name": "金鉱石",
    "miningItemId": 23,
    "veinSize" : 0.2,
    "veinFrequency" : 1,
    "priority" : 70
  },
  {
    "oreId": 5,
    "name": "砂",
    "miningItemId": 34,
    "veinSize" : 1,
    "veinFrequency" : 1,
    "priority" : 60
  }
]