[
  {
    "Id" : "Test1",
    "Prerequisite" : [],
    "PrerequisiteType" : "And",
    "Category" : "Test Category",
    "Type" : "ItemCraft",
    "Name": "Test Quest",
    "Description" : "Test Quest Description",
    "UIPosX" : 3,
    "UIPosY" : 5,
    "RewardItem" : [],
    "Param" : "{'modId':'moorestechBaseMod','name':'iron ore'}"
  },
  {
    "Id" : "Test2",
    "Prerequisite" : ["Test1"],
    "PrerequisiteType" : "And",
    "Category" : "Test Category",
    "Type" : "ItemCraft",
    "Name": "Test Quest",
    "Description" : "Test Quest Description",
    "UIPosX" : 0,
    "UIPosY" : 0,
    "RewardItem" : [
      {
        "modId": "moorestechBaseMod",
        "name": "iron ore",
        "cnt": 1
      }
    ],
    "Param" : "{'modId':'moorestechBaseMod','name':'iron ore'}"
  },
  {
    "Id" : "Test3",
    "Prerequisite" : ["iron ore","iron ore"],
    "PrerequisiteType" : "And",
    "Category" : "Test Category",
    "Type" : "ItemCraft",
    "Name": "Test Quest",
    "Description" : "Test Quest Description",
    "UIPosX" : 0,
    "UIPosY" : 0,
    "RewardItem" : [
      {
        "modId": "moorestechBaseMod",
        "name": "Test1",
        "cnt": 1
      }
    ],
    "Param" : "{'modId':'moorestechBaseMod','name':'iron ore'}"
  },
  {
    "Id" : "Test4",
    "Prerequisite" : ["iron ore","iron ore"],
    "PrerequisiteType" : "Or",
    "Category" : "Test Category",
    "Type" : "ItemCraft",
    "Name": "Test Quest",
    "Description" : "Test Quest Description",
    "UIPosX" : 0,
    "UIPosY" : 0,
    "RewardItem" : [
      {
        "modId": "moorestechBaseMod",
        "name": "Teiron orest1",
        "cnt": 1
      },
      {
        "modId": "moorestechBaseMod",
        "name": "iron ore",
        "cnt": 1
      }
    ],
    "Param" : "{'modId':'moorestechBaseMod','name':'iron ore'}"
  }
]