[
  {
    "Id" : "MakeIronIngot",
    "Prerequisite" : [],
    "PrerequisiteType" : "And",
    "Category" : "入門",
    "Type" : "ItemCraft",
    "Name": "鉄インゴットを作ろう",
    "Description" : "鉄って工業ゲーでとりあえず最初に作るよね？",
    "UIPosX" : 0,
    "UIPosY" : 0,
    "RewardItem" : [
      {
        "modId": "sakastudio:moorestechBaseMod",
        "name": "iron ingot",
        "cnt": 5
      }
    ],
    "Param" : "{'modId':'sakastudio:moorestechBaseMod','name':'iron ingot'}"
  },
  {
    "Id" : "MakeMiner",
    "Prerequisite" : ["sakastudio:moorestechBaseMod:MakeIronIngot"],
    "PrerequisiteType" : "And",
    "Category" : "入門",
    "Type" : "ItemCraft",
    "Name": "鉄生産自動化への道 #1 〜採掘機を作ろう〜",
    "Description" : "一々手動で採掘するのは面倒だよね",
    "UIPosX" : 100,
    "UIPosY" : 0,
    "RewardItem" : [
      {
        "modId": "sakastudio:moorestechBaseMod",
        "name": "iron ingot",
        "cnt": 5
      }
    ],
    "Param" : "{'modId':'sakastudio:moorestechBaseMod','name':'miner'}"
  },
  {
    "Id" : "MakeGeneratorMk1",
    "Prerequisite" : ["sakastudio:moorestechBaseMod:MakePole"],
    "PrerequisiteType" : "And",
    "Category" : "入門",
    "Type" : "ItemCraft",
    "Name": "鉄生産自動化への道 #2 〜発電機を作ろう〜",
    "Description" : "採掘機を動かすには電気が必要",
    "UIPosX" : 200,
    "UIPosY" : 0,
    "RewardItem" : [
      {
        "modId": "sakastudio:moorestechBaseMod",
        "name": "coal",
        "cnt": 5
      }
    ],
    "Param" : "{'modId':'sakastudio:moorestechBaseMod','name':'generator'}"
  },
  {
    "Id" : "MakePole",
    "Prerequisite" : ["sakastudio:moorestechBaseMod:MakeMiner"],
    "PrerequisiteType" : "And",
    "Category" : "入門",
    "Type" : "ItemCraft",
    "Name": "鉄生産自動化への道 #3 〜電柱を作ろう〜",
    "Description" : "発電機と採掘機をつなぐには電柱も必要、これで3つを繋げれば採掘機が動く",
    "UIPosX" : 300,
    "UIPosY" : 0,
    "RewardItem" : [
      {
        "modId": "sakastudio:moorestechBaseMod",
        "name": "coal",
        "cnt": 5
      }
    ],
    "Param" : "{'modId':'sakastudio:moorestechBaseMod','name':'pole'}"
  }
]